{
  "Total" : {
    "transaction" : "Total",
    "sampleCount" : 150,
    "errorCount" : 0,
    "errorPct" : 0.0,
    "meanResTime" : 1174.0066666666671,
    "medianResTime" : 1111.5,
    "minResTime" : 0.0,
    "maxResTime" : 2972.0,
    "pct1ResTime" : 2580.7000000000003,
    "pct2ResTime" : 2753.5999999999995,
    "pct3ResTime" : 2968.94,
    "throughput" : 38.28483920367534,
    "receivedKBytesPerSec" : 75.63997495533435,
    "sentKBytesPerSec" : 8.853369065849924
  },
  "GET - /api/usuarios" : {
    "transaction" : "GET - /api/usuarios",
    "sampleCount" : 20,
    "errorCount" : 0,
    "errorPct" : 0.0,
    "meanResTime" : 89.80000000000001,
    "medianResTime" : 83.5,
    "minResTime" : 48.0,
    "maxResTime" : 208.0,
    "pct1ResTime" : 155.30000000000007,
    "pct2ResTime" : 205.54999999999995,
    "pct3ResTime" : 208.0,
    "throughput" : 21.85792349726776,
    "receivedKBytesPerSec" : 103.71840846994535,
    "sentKBytesPerSec" : 7.06540300546448
  },
  "GET - /api/cursos)" : {
    "transaction" : "GET - /api/cursos)",
    "sampleCount" : 20,
    "errorCount" : 0,
    "errorPct" : 0.0,
    "meanResTime" : 1118.9500000000003,
    "medianResTime" : 1005.5,
    "minResTime" : 316.0,
    "maxResTime" : 2431.0,
    "pct1ResTime" : 2235.0000000000005,
    "pct2ResTime" : 2422.2,
    "pct3ResTime" : 2431.0,
    "throughput" : 7.01508242721852,
    "receivedKBytesPerSec" : 17.07871141704665,
    "sentKBytesPerSec" : 2.253869256401263
  },
  "GET - /api/materiais" : {
    "transaction" : "GET - /api/materiais",
    "sampleCount" : 20,
    "errorCount" : 0,
    "errorPct" : 0.0,
    "meanResTime" : 169.20000000000002,
    "medianResTime" : 148.5,
    "minResTime" : 50.0,
    "maxResTime" : 405.0,
    "pct1ResTime" : 345.9000000000001,
    "pct2ResTime" : 402.19999999999993,
    "pct3ResTime" : 405.0,
    "throughput" : 25.31645569620253,
    "receivedKBytesPerSec" : 79.58366297468353,
    "sentKBytesPerSec" : 8.208069620253164
  },
  "POST/Token - /usuarios/login/" : {
    "transaction" : "POST/Token - /usuarios/login/",
    "sampleCount" : 70,
    "errorCount" : 0,
    "errorPct" : 0.0,
    "meanResTime" : 2117.499999999999,
    "medianResTime" : 2169.0,
    "minResTime" : 285.0,
    "maxResTime" : 2972.0,
    "pct1ResTime" : 2784.2,
    "pct2ResTime" : 2878.8500000000004,
    "pct3ResTime" : 2972.0,
    "throughput" : 20.64287820701858,
    "receivedKBytesPerSec" : 19.997788263049248,
    "sentKBytesPerSec" : 4.515629607785314
  },
  "POST/Token - /usuarios/login/-0" : {
    "transaction" : "POST/Token - /usuarios/login/-0",
    "sampleCount" : 20,
    "errorCount" : 0,
    "errorPct" : 0.0,
    "meanResTime" : 15.85,
    "medianResTime" : 0.0,
    "minResTime" : 0.0,
    "maxResTime" : 171.0,
    "pct1ResTime" : 95.70000000000013,
    "pct2ResTime" : 167.54999999999995,
    "pct3ResTime" : 171.0,
    "throughput" : 8.028904054596548,
    "receivedKBytesPerSec" : 8.863941439181051,
    "sentKBytesPerSec" : 0.0
  }
}